n_samples,PMS_mse,PMS_runtime
500,0.17768329279068018,0.03827737500000694
1000,0.1881790360089339,0.09721108400003686
