epsilon,DP_mean,DP_se,DP_time_mean,DP_time_se,MS_mean,MS_se
0.1,2.4753384778795806,0.3745037507313643,0.14601253745204304,0.001285442653473006,0.003303050391592605,1.516763097976196e-05
0.2,1.4997781931124103,0.14453288103246067,0.14318364789942278,0.0011200265873931663,0.003303050391592605,1.516763097976196e-05
0.5,0.40568256585793944,0.05565728362200249,0.14225055409769993,0.0016917581183776846,0.003303050391592605,1.516763097976196e-05
1,0.08161264413148842,0.011051119166740297,0.14705876870139037,0.0019705019172872756,0.003303050391592605,1.516763097976196e-05
5,0.030434067170980055,0.004267520944853614,0.1524331833003089,0.002758131244033844,0.003303050391592605,1.516763097976196e-05
